{
	"easycom": {
		"^u-(.*)": "@/uni_modules/uview-ui/components/u-$1/u-$1.vue"
	},
	"pages": [
		{
			"path": "pages/index/index",
			"style": {
				"navigationBarTitleText": "首页",
				"enablePullDownRefresh": false
			}
		},
		{
			"path": "pages/rank/rank",
			"style": {
				"navigationBarTitleText": "WCT排行",
				"enablePullDownRefresh": false,
				"navigationStyle": "custom"
			}
		},
		{
			"path": "pages/me/me",
			"style": {
				"navigationBarTitleText": "我的",
				"enablePullDownRefresh": false,
				"navigationStyle": "custom"
			}
		},
		{
			"path": "pages/me/band/band",
			"style": {
				"navigationBarTitleText": "用户绑定",
				"enablePullDownRefresh": false
			}
		},
		{
			"path": "pages/me/medal",
			"style": {
				"navigationBarTitleText": "纪念徽章",
				"enablePullDownRefresh": false
			}
		},
		{
			"path": "pages/me/yinsi",
			"style": {
				"navigationBarTitleText": "用户服务条款",
				"enablePullDownRefresh": false
			}
		},
		{
			"path": "pages/index/party/liucheng",
			"style": {
				"navigationBarTitleText": "发展流程",
				"enablePullDownRefresh": false
			}
		},
		{
			"path": "pages/index/party/party",
			"style": {
				"navigationBarTitleText": "政治面貌",
				"enablePullDownRefresh": false
			}
		},
		{
			"path": "pages/me/band/rephone",
			"style": {
				"navigationBarTitleText": "激活账号",
				"enablePullDownRefresh": false
			}
		},
		{
			"path": "pages/index/volunteer/volunteerlist",
			"style": {
				"navigationBarTitleText": "志愿活动列表",
				"enablePullDownRefresh": false
			}
		},
		{
			"path": "pages/index/volunteer/volunteerapply",
			"style": {
				"navigationBarTitleText": "注册志愿者",
				"enablePullDownRefresh": false
			}
		},
		{
			"path": "pages/index/volunteer/volunteerjoin",
			"style": {
				"navigationBarTitleText": "志愿活动信息",
				"enablePullDownRefresh": false
			}
		},
		{
			"path": "pages/index/activitie/activitielist",
			"style": {
				"navigationBarTitleText": "活动列表",
				"enablePullDownRefresh": false
			}
		},
		{
			"path": "pages/index/activitie/applicationteaminfo",
			"style": {
				"navigationBarTitleText": "团队管理界面",
				"enablePullDownRefresh": false
			}
		},
		{
			"path": "pages/index/activitie/applicationone",
			"style": {
				"navigationBarTitleText": "活动报名",
				"enablePullDownRefresh": false
			}
		},
		{
			"path": "pages/index/activitie/applicationteamche",
			"style": {
				"navigationBarTitleText": "报名方式选择",
				"enablePullDownRefresh": false
			}
		},
		{
			"path": "pages/index/activitie/applicationteamjoin",
			"style": {
				"navigationBarTitleText": "加入团队",
				"enablePullDownRefresh": false
			}
		},
		{
			"path": "pages/index/activitie/applicationteamcre",
			"style": {
				"navigationBarTitleText": "创建团队",
				"enablePullDownRefresh": false
			}
		},
		{
			"path": "pages/index/goodbey",
			"style": {
				"navigationBarTitleText": "网工毕业季",
				"enablePullDownRefresh": false
			}
		},
		{
			"path": "pages/index/administrators/volcodemanage",
			"style": {
				"navigationBarTitleText": "志愿者活动签到",
				"enablePullDownRefresh": false
			}
		},
		{
			"path": "pages/index/administrators/voladmin",
			"style": {
				"navigationBarTitleText": "志愿者签到",
				"enablePullDownRefresh": false
			}
		},
		{
			"path": "pages/index/administrators/queryByName",
			"style": {
				"navigationBarTitleText": "用户查询",
				"enablePullDownRefresh": false
			}
		},
		{
			"path": "pages/index/scslab/queryoj",
			"style": {
				"navigationBarTitleText": "网工实验室WCT数据",
				"enablePullDownRefresh": false
			}
		},
		{
			"path": "pages/index/allindex",
			"style": {
				"navigationBarTitleText": "全部功能",
				"enablePullDownRefresh": false
			}
		},
		{
			"path": "pages/me/myinfo",
			"style": {
				"navigationBarTitleText": "我的个人信息",
				"enablePullDownRefresh": false
			}
		},
		{
			"path": "pages/index/volunteer/myvolinfo",
			"style": {
				"navigationBarTitleText": "我的志愿信息",
				"enablePullDownRefresh": false
			}
		},
		{
			"path": "pages/index/activitie/myactivitie",
			"style": {
				"navigationBarTitleText": "个人活动参与记录",
				"enablePullDownRefresh": false
			}
		},
		{
			"path": "pages/index/volunteer/myvolunteer",
			"style": {
				"navigationBarTitleText": "个人志愿参与记录",
				"enablePullDownRefresh": false
			}
		},
		{
			"path": "pages/index/ojreset",
			"style": {
				"navigationBarTitleText": "重置WCT密码",
				"enablePullDownRefresh": false
			}
		},
		{
			"path": "pages/index/enroll/applicants",
			"style": {
				"navigationBarTitleText": "实验室/工作室报名",
				"enablePullDownRefresh": false
			}
		},
		{
			"path": "pages/index/enroll/applicationinfo",
			"style": {
				"navigationBarTitleText": "申请状态",
				"enablePullDownRefresh": false
			}
		},
		{
			"path": "pages/index/enroll/enrolladminlist",
			"style": {
				"navigationBarTitleText": "选择组织",
				"enablePullDownRefresh": false
			}
		},
		{
			"path": "pages/index/enroll/enrolladmin",
			"style": {
				"navigationBarTitleText": "面试评分",
				"enablePullDownRefresh": false
			}
		},
		{
			"path": "pages/test",
			"style": {
				"navigationBarTitleText": "测试",
				"enablePullDownRefresh": false
			}
		},
		{
			"path": "pages/seat_selection_sys/seat_selection_sys",
			"style": {
				"navigationBarTitleText": "预约选座",
				"enablePullDownRefresh": false
			}
		},
		{
			"path": "pages/chatai/band_gpt_id",
			"style": {
				"navigationBarTitleText": "云萌大模型账户绑定",
				"enablePullDownRefresh": false
			}
		},
		// {
		// 	"path": "pages/chatai/self_info",
		// 	"style": {
		// 		"navigationBarTitleText": "AI账户个人信息",
		// 		"enablePullDownRefresh": false
		// 	}
		// },
		{
			"path": "pages/seat_selection_sys/appointment-record",
			"style": {
				"navigationBarTitleText": "预约记录",
				"enablePullDownRefresh": false
			}
		},
		{
			"path": "pages/seat_selection_sys/activity_lock",
			"style": {
				"navigationBarTitleText": "活动锁定",
				"enablePullDownRefresh": false
			}
		},
		{
			"path": "pages/seat_selection_sys/high_log",
			"style": {
				"navigationBarTitleText": "操作记录",
				"enablePullDownRefresh": false
			}
		},
		{
			"path": "pages/seat_selection_sys/update_defaulters",
			"style": {
				"navigationBarTitleText": "违约查询",
				"enablePullDownRefresh": false
			}
		},
		{
			"path": "pages/seat_selection_sys/self_info",
			"style": {
				"navigationBarTitleText": "个人详情",
				"enablePullDownRefresh": false
			}
		},
		{
			"path": "pages/seat_selection_sys/lock_seat",
			"style": {
				"navigationBarTitleText": "锁定座位",
				"enablePullDownRefresh": false
			}
		}
	],
	
	"tabBar": {
		"color": "#7A7E83",
		"selectedColor": "#0a2576",
		"borderStyle": "black",
		"backgroundColor": "#ffffff",
		"list": [
			{
				"pagePath": "pages/index/index",
				"iconPath": "/static/tabbar/home.png",
				"selectedIconPath": "/static/tabbar/home_ac.png",
				"text": "首页"
			},
			{
				"pagePath": "pages/rank/rank",
				"iconPath": "/static/tabbar/home.png",
				"selectedIconPath": "/static/tabbar/home_ac.png",
				"text": "WXT排行"
			},
			
			{
				"pagePath": "pages/me/me",
				"iconPath": "/static/tabbar/me.png",
				"selectedIconPath": "/static/tabbar/me_ac.png",
				"text": "我的"
			}
		]
	},
	"globalStyle": {
		"navigationBarTextStyle": "black",
		"navigationBarTitleText": "网工云萌",
		"navigationBarBackgroundColor": "#F8F8F8",
		"backgroundColor": "#F8F8F8"
	},
	"condition": { //模式配置，仅开发期间生效
		"current": 0, //当前激活的模式(list 的索引项)
		"list": [
			{
				"name": "", //模式名称
				"path": "pages/me/band/rephone", //启动页面，必选
				"query": "" //启动参数，在页面的onLoad函数里面得到
			}
		]
	}
}